idLocalizacao;Pais;Distrito;Concelho
1;Portugal;Aveiro;Castelo de Paiva
2;Portugal;Coimbra;Góis
3;Portugal;Porto;Paços de Ferreira
4;Portugal;Braga;Vila Nova de Famalicão
5;;;
6;Não;;
7;Portugal;Porto;Felgueiras
8;Portugal;Aveiro;Castelo de Paiva | Portugal
9;Portugal;Braga;Guimarães
10;Portugal;Leiria;Leiria
11;Portugal;Vila Real;Vila Real
12;Portugal;Braga;Barcelos
13;Portugal;Vila Real;Montalegre
14;Portugal;Vila Real;Alijó
15;Portugal;Viseu;Viseu
16;Portugal;Região Autónoma dos Açores;
17;Portugal;Lisboa;Oeiras
18;Portugal;Viseu;Resende
19;Portugal;Viseu;Vouzela
20;Portugal;Região Autónoma da Madeira;
21;Portugal;Porto;Vila Nova de Gaia
22;Portugal;;
23;Portugal;Lisboa;Lisboa
24;Portugal;Lisboa;Mafra
25;Portugal;Portalegre;Alter do Chão
26;Portugal;Porto;Porto
27;Portugal;Porto;Gondomar
28;Portugal;Lisboa;Torres Vedras
29;Portugal;Leiria;Marinha Grande
30;Portugal;Braga;Celorico de Basto
31;Portugal;Viana do Castelo;Viana do Castelo
32;CP 2021/33 Acordo Quadro para fornecimento de Cardioversores Desfibrilhadores Implantáveis e Pacemakers na área da Saúde;;
33;Portugal;Évora;Arraiolos
34;Portugal;Lisboa;Sintra
35;Portugal;Braganca;Freixo Espada a Cinta
36;Portugal;Faro;Loulé
37;Portugal;Região Autónoma dos Açores;Ribeira Grande
38;Portugal;Braga;Fafe
39;Portugal;Aveiro;Santa Maria da Feira
40;Portugal;Viseu;São João da Pesqueira
41;Portugal;Porto;Paredes
42;Portugal;Portalegre;Nisa
43;Portugal;Santarém;Abrantes
44;Portugal;Porto;Baião
45;Portugal;Leiria;Pombal
46;Portugal;Braga;Esposende
47;Portugal;Santarém;Santarém
48;Portugal;Região Autónoma dos Açores;Calheta | Portugal
49;Portugal;Faro;Lagoa
50;Portugal;Porto;Matosinhos
51;Portugal;Coimbra;Lousã
52;Portugal;Santarém;Almeirim
53;Portugal;Castelo Branco;Covilhã
54;Portugal;Setúbal;Montijo
55;Portugal;Coimbra;Coimbra
56;Portugal;Região Autónoma da Madeira;Santa Cruz
57;Portugal;Faro;Aljezur
58;Portugal;Portalegre;
59;Portugal;Setúbal;Almada
60;Portugal;Lisboa;Amadora
61;Portugal;Portalegre;Portalegre
62;Portugal;Coimbra;Penacova
63;Portugal;Beja;Beja
64;Portugal;Braganca;Freixo Espada a Cinta | Portugal
65;Portugal;Faro;Faro
66;Portugal;Castelo Branco;Covilhã | Portugal
67;Portugal;Aveiro;Arouca
68;Portugal;Aveiro;Espinho
69;Portugal;Viseu;Tondela
70;Portugal;Região Autónoma da Madeira;Santana
71;Portugal;Beja;Alvito
72;Portugal;Évora;Évora
73;Portugal;Aveiro;Ovar
74;Portugal;Coimbra;Coimbra | Portugal
75;Portugal;Viseu;São Pedro do Sul
76;Portugal;Lisboa;Loures
77;Portugal;Viseu;Oliveira de Frades
78;Portugal;Lisboa;Odivelas
79;Portugal;Região Autónoma dos Açores;Corvo
80;Portugal;Região Autónoma da Madeira;Calheta
81;Portugal;Faro;Castro Marim
82;Portugal;Faro;Portimão | Portugal
83;Portugal;Porto;Marco de Canaveses
84;Portugal;Braganca;
85;Portugal;Faro;Silves
86;Portugal;Vila Real;Boticas
87;Portugal;Lisboa;Cadaval
88;Portugal;Distrito não determinado;Concelho não determinado
89;Portugal;Viseu;Sernancelhe
90;Portugal;Vila Real;
91;Portugal;Castelo Branco;Proença-a-Nova
92;Portugal;Setúbal;Sesimbra
93;Portugal;Setúbal;Setúbal
94;Portugal;Beja;Aljustrel | Portugal
95;Portugal;Lisboa;Cascais
96;Portugal | Portugal;Santarém;Vila Nova da Barquinha
97;Portugal;Santarém;Rio Maior
98;Portugal;Leiria;Caldas da Rainha | Portugal
99;Portugal;Portugal Continental;
100;Portugal;Évora;Montemor-o-Novo
101;Portugal;Beja;Aljustrel
102;Portugal;Guarda;Pinhel
103;Portugal;Guarda;Fig. Castelo Rodrigo
104;Portugal;Setúbal;Seixal
105;Portugal;Coimbra;Figueira da Foz
106;Portugal;Vila Real;Sta Marta de Penaguião
107;Portugal;Coimbra;Tábua
108;Portugal;Coimbra;Vila Nova de Poiares
109;Portugal;Porto;Trofa
110;Portugal;Setúbal;Santiago do Cacém
111;Portugal;Guarda;Sabugal
112;Portugal;Braga;Braga
113;Portugal;Lisboa;Alenquer
114;Portugal;Região Autónoma dos Açores;Praia da Vitória
115;Portugal;Aveiro;Aveiro
116;Portugal;Braga;Vila Verde
117;Portugal;Viseu;Nelas
118;Portugal;Setúbal;Sines
119;Portugal;Setúbal;
120;Portugal;Braga;Barcelos | Portugal
121;Portugal;Coimbra;Arganil
122;Portugal;Guarda;Meda
123;Portugal;Aveiro;Oliveira do Bairro
124;Portugal;Faro;
125;Portugal;Coimbra;Oliveira do Hospital
126;Portugal;Região Autónoma dos Açores;Lajes das Flores
127;Portugal;Santarém;Alcanena
128;Portugal;Setúbal;Grandola
129;Portugal;Santarém;Tomar
130;Portugal;Leiria;Nazaré
131;Portugal;Castelo Branco;
132;Portugal;Braga;Vieira do Minho
133;Portugal;Guarda;Seia
134;Portugal;Castelo Branco;Fundão
135;Portugal;Coimbra;Penela
136;Portugal;Região Autónoma da Madeira;Funchal
137;Portugal;Aveiro;São João da Madeira
138;Portugal;Vila Real;Murça
139;Portugal;Faro;Monchique
140;Portugal;Aveiro;Mealhada
141;Portugal;Porto;Santo Tirso
142;Portugal;Aveiro;Sever do Vouga
143;Portugal;Castelo Branco;Vila de Rei
144;Portugal;Castelo Branco;Castelo Branco
145;Portugal;Faro;Olhão
146;Portugal;Região Autónoma da Madeira;Câmara de Lobos
147;Portugal;Região Autónoma da Madeira;Machico
148;Portugal;Braga;Guimarães | Portugal
149;Portugal;Setúbal;Alcochete
150;Portugal;Leiria;Ansião
151;Portugal;Coimbra;Figueira da Foz | Portugal
152;Portugal;Porto;Penafiel
153;Portugal;Braganca;Miranda do Douro
154;Portugal;Viana do Castelo;Arcos de Valdevez
155;Portugal;Viana do Castelo;Caminha
156;Portugal;Viseu;Moimenta da Beira
157;Portugal;Porto;Amarante
158;Espanha | Portugal;Lisboa;Lisboa
159;Portugal;Porto;Lousada
160;Portugal;Santarém;Coruche
161;Portugal;Aveiro;Ílhavo
162;Portugal;Faro;Vila Real Sto Antonio
163;Portugal;Região Autónoma dos Açores;Ponta Delgada
164;Portugal | Portugal;Viseu;Resende
165;Portugal;Santarém;Torres Novas
166;Portugal;Portalegre;Avis
167;Portugal;Coimbra;Miranda do Corvo
168;Portugal;Faro;Alcoutim
169;Portugal;Guarda;Trancoso
170;Portugal;Guarda;Guarda
171;Portugal;Braganca;Vinhais
172;Portugal;Leiria;Alcobaça
173;Portugal;Faro;Vila do Bispo
174;Portugal;Faro;Albufeira
175;Portugal;Faro;Albufeira | Portugal
176;Portugal;Braganca;Macedo de Cavaleiros
177;Portugal;Coimbra;Mira
178;Portugal | Portugal;Lisboa;Lisboa
179;Portugal;Portalegre;Ponte de Sor
180;Portugal;Lisboa;Sobral de Monte Agraço
181;Portugal;Região Autónoma da Madeira;Ponta do Sol
182;Portugal;Lisboa;Lisboa | Portugal
183;Portugal;Aveiro;Albergaria-a-Velha
184;Portugal;Setúbal;Palmela
185;Portugal;Braganca | Portugal;Lisboa
186;Portugal;Viseu;Sátão
187;Alemanha | França;;
188;Portugal;Vila Real;Peso da Régua
189;Portugal | Portugal;Viseu;Tondela
190;Portugal;Santarém;Sardoal
191;Portugal;Braga;Vizela
192;Portugal;Braganca;Mirandela
193;Portugal;Coimbra;Pampilhosa da Serra
194;Portugal;Coimbra;Montemor-o-Velho
195;Portugal;Leiria;Bombarral
196;Portugal;Aveiro;Ílhavo | Portugal
197;Portugal;Porto;Porto | Portugal
198;Espanha | Portugal;Lisboa;
199;Portugal;Beja;Moura
200;Portugal;Porto;Vila do Conde
201;Portugal;Coimbra;
202;Portugal;Porto;Póvoa de Varzim
203;Portugal;Coimbra;Cantanhede
204;Portugal;Guarda;Celorico da Beira
205;Portugal;Viseu;Mangualde
206;Portugal;Santarém;
207;Portugal;Região Autónoma dos Açores;Lagoa
208;Portugal;Braganca;Bragança
209;Portugal;Leiria;Porto de Mós
210;Portugal;Região Autónoma dos Açores;Vila do Porto
211;Portugal;Viseu;Mortágua
212;Portugal;Porto;Maia
213;Portugal;Aveiro;Aveiro | Portugal
214;Portugal;Guarda;Aguiar da Beira
215;Portugal;Aveiro;Arouca | Portugal
216;Portugal;Região Autónoma dos Açores;Santa Cruz das Flores
217;Acordos quadro singulares para a execução de intervenções de manutenção em Infraestruturas do Município do Porto;;
218;Portugal;Viana do Castelo;Arcos de Valdevez | Portugal
219;Portugal;Viana do Castelo;Ponte da Barca
220;Portugal;Viana do Castelo;Ponte de Lima
221;Portugal;Leiria;Batalha
222;Portugal;Lisboa;
223;Portugal;Guarda;Vila Nova de Foz Coa
224;Portugal;Setúbal;Barreiro
225;Portugal;Lisboa;Vila Franca de Xira
226;Portugal;Região Autónoma dos Açores;Vila Franca do Campo
227;Artigo 20.º;n.º 1;alínea c) do Código dos Contratos Públicos
228;Portugal;Beja;Odemira
229;Portugal;Aveiro;Águeda
230;Portugal;Portalegre;Arronches
231;Portugal;Braganca;Torre de Moncorvo
232;Portugal;Évora;Mourão
233;Portugal;Região Autónoma da Madeira;Porto Santo
234;Portugal;Leiria;Óbidos
235;Portugal;Santarém;Ferreira do Zezere
236;Portugal;Évora;Vendas Novas
237;Portugal;Évora;Alandroal
238;Portugal;Aveiro;Oliveira de Azemeis | Portugal
239;Portugal;Santarém;Ourém
240;Portugal;Porto;Valongo
241;Portugal;Aveiro;Anadia
242;Portugal;Braga;
243;Portugal;Évora;Viana do Alentejo
244;Portugal;Portalegre;Elvas
245;Portugal;Braganca;Alfandega da Fé
246;Portugal;Leiria;Alvaiázere
247;Portugal;Região Autónoma dos Açores;Angra do Heroismo
248;Portugal;Leiria;Pedrogão Grande
249;Portugal;Santarém;Golegã
250;Portugal;Aveiro;Vale de Cambra
251;Acordo-Quadro para a Prestação de Serviços e Fornecimento de Consumíveis de Higiene e Limpeza;;
252;Portugal;Évora;
253;Portugal;Faro;Portimão
254;Portugal;Aveiro;Santa Maria da Feira | Portugal
255;Portugal;Castelo Branco;Castelo Branco | Portugal
256;Portugal;Viseu;Tabuaço
257;Portugal;Viana do Castelo;Valença
258;Portugal;Castelo Branco;Idanha-a-Nova
259;Portugal;Viana do Castelo;Melgaço
260;Portugal;Castelo Branco;Penamacor
261;Portugal;Braga;Cabeceiras de Basto
262;Portugal;Beja;Mértola
263;Portugal;Viana do Castelo;
264;Portugal;Santarém;Mação
265;Portugal;Região Autónoma da Madeira;Ribeira Brava
266;Portugal;Setúbal;Alcácer do Sal
267;Portugal;Braga;Amares
268;Bélgica;;
269;Portugal;Guarda;
270;Portugal;Évora;Estremoz
271;Portugal;Viana do Castelo;Paredes de Coura
272;Portugal;Região Autónoma dos Açores;Horta
273;Portugal;Santarém;Almeirim | Portugal
274;Portugal;Braga;Terras de Bouro
275;Portugal;Viana do Castelo;Vila Nova de Cerveira
276;Portugal;Beja;Ourique
277;Portugal;Coimbra;Soure
278;Portugal;Faro;Tavira
279;Portugal;Leiria;Caldas da Rainha
280;Portugal;Aveiro;Águeda | Portugal
281;Portugal;Braganca;Alfandega da Fé | Portugal
282;Portugal;Braga;Vila Nova de Famalicão | Portugal
283;Portugal;Santarém;Benavente
284;Portugal;Viseu;Carregal do Sal
285;Portugal;Aveiro;
286;Portugal;Évora;Vila Viçosa
287;Portugal;Vila Real;Chaves
288;Portugal;Lisboa | Portugal;Porto
289;Portugal;Região Autónoma dos Açores;Velas
290;Portugal;Vila Real;Ribeira de Pena
291;Portugal;Santarém;Salvaterra de Magos
292;Portugal;Lisboa;Azambuja
293;Espanha;;
294;Portugal;Beja;Almodovar
295;Portugal;Braga;Póvoa de Lanhoso
296;Portugal;Portalegre;Campo Maior
297;Portugal;Faro;Faro | Portugal
298;Portugal;Santarém;Cartaxo
299;Portugal;Braganca;Vila Flor
300;Portugal;Região Autónoma dos Açores;Madalena
301;Portugal;Viseu;Lamego
302;Portugal | Portugal;Leiria;Castanheira de Pera
303;Portugal;Portalegre;Sousel
304;Portugal;Portalegre;Marvão
305;Portugal;Lisboa;Arruda dos Vinhos
306;Portugal;Beja;Ferreira do Alentejo
307;Portugal;Beja;Castro Verde
308;Portugal;Coimbra;Condeixa-a-Nova
309;Portugal;Guarda;Fornos de Algodres
310;Portugal;Beja;Vidigueira
311;Portugal;Aveiro;Oliveira de Azemeis
312;Portugal;Portalegre;Gavião
313;Portugal;Santarém;Entroncamento
314;Portugal;Região Autónoma da Madeira;Porto Moniz
315;Portugal;Região Autónoma dos Açores;Angra do Heroismo | Portugal
316;Portugal;Vila Real;Valpaços
317;Portugal;Viseu;Tarouca
318;Portugal;Leiria;Castanheira de Pera
319;Portugal;Évora;Redondo
320;Portugal;Viana do Castelo;Monção
321;Portugal;Setúbal;Seixal | Portugal
322;Portugal;Leiria | Portugal;Lisboa
323;Portugal;Portalegre;Crato
324;Portugal;Região Autónoma da Madeira;São Vicente
325;Portugal;Região Autónoma dos Açores;Nordeste
326;Portugal;Viseu;Penedono
327;Portugal;Viseu;Cinfães
328;Portugal;Leiria;Peniche
329;Portugal;Porto;
330;Portugal;Região Autónoma da Madeira | Portugal;Região Autónoma dos Açores
331;Portugal;Setúbal;Alcochete | Portugal
332;Portugal;Vila Real;Vila Pouca de Aguiar
333;Portugal;Aveiro;Vagos
334;Portugal;Faro;São Brás de Alportel
335;Portugal;Aveiro | Portugal;Coimbra
336;Portugal;Santarém;Constancia
337;Portugal;Região Autónoma da Madeira;Funchal | Portugal
338;Portugal;Beja;Serpa
339;Portugal;Braga | Portugal;Porto | Portugal
340;Portugal;Castelo Branco;Vila Velha de Ródão
341;Portugal;Faro;Lagos
342;Portugal;Braga;Cabeceiras de Basto | Portugal
343;Portugal;Região Autónoma dos Açores;Lajes do Pico
344;Portugal;Castelo Branco;Belmonte
345;Portugal;Leiria;Leiria | Portugal
346;Portugal;Aveiro;Estarreja
347;Portugal;Aveiro | Portugal;Leiria
348;Portugal;Vila Real;Sabrosa
349;Arábia Saudita;;
350;Portugal;Setúbal;Moita
351;Portugal;Braganca;Carrazeda de Ansiães
352;Portugal;Beja;Barrancos
353;Alemanha | Áustria | Bélgica | Países Baixos | Suiça;;
354;Portugal | Portugal;Lisboa;Oeiras
355;Aquisição de Serviços de Geolocalização de Viaturas para as empresas do Grupo Águas de Portugal;;
356;Portugal;Lisboa;Cascais | Portugal
357;Portugal;Lisboa;Loures | Portugal
358;Reino Unido;;
359;Portugal;Castelo Branco;Belmonte | Portugal
360;Portugal;Vila Real;Mondim de Basto
361;Portugal;Vila Real;Mesão Frio
362;Portugal | Portugal;Viseu;Penalva do Castelo
363;Portugal;Viseu;Penalva do Castelo
364;Portugal;Guarda;Manteigas
365;Portugal;Região Autónoma dos Açores;Corvo | Portugal
366;Portugal;Santarém;Chamusca
367;Portugal;Braganca;Bragança | Portugal
368;Portugal;Évora | Portugal;Portalegre
369;Portugal;Braganca;Vimioso
370;Portugal;Região Autónoma dos Açores;Povoação
371;Portugal;Leiria;Pedrogão Grande | Portugal
372;Portugal;Viseu;Armamar
373;Portugal;Beja;Beja | Portugal
374;Portugal;Aveiro;São João da Madeira | Portugal
375;Portugal | Portugal;Aveiro;Santa Maria da Feira
376;Portugal;Beja;
377;Portugal;Viseu;Castro Daire
378;Portugal;Braga;Amares | Portugal
379;Portugal;Vila Real;Alijó | Portugal
380;Portugal;Braga;Esposende | Portugal
381;Portugal;Guarda;Almeida | Portugal
382;Portugal;Coimbra;Penela | Portugal
383;Portugal;Região Autónoma dos Açores;Santa Cruz da Graciosa
384;Portugal;Évora;Portel
385;Portugal;Leiria;Marinha Grande | Portugal
386;Portugal;Beja;Odemira | Portugal
387;Portugal;Braga;Fafe | Portugal
388;Portugal;Portugal Continental | Portugal;Região Autónoma da Madeira
389;Portugal;Lisboa;Lourinhã
390;Portugal;Braganca;Mogadouro
391;Portugal;Região Autónoma dos Açores;São Roque do Pico
392;Alemanha | Portugal;Castelo Branco;Idanha-a-Nova
393;Portugal;Castelo Branco;Sertã
394;Portugal;Região Autónoma dos Açores;Calheta
395;Portugal;Faro;Lagoa | Portugal
396;Espanha | Portugal;Vila Real;Vila Real
397;Portugal | Portugal;Setúbal;Almada
398;Portugal;Viseu;Vila Nova de Paiva
399;Portugal | Portugal;Setúbal;Seixal
400;Portugal;Castelo Branco;Oleiros
401;Portugal;Porto;Marco de Canaveses | Portugal
402;Portugal;Évora;Mora
403;Portugal;Porto;Maia | Portugal
404;Portugal;Lisboa;Oeiras | Portugal
405;Portugal;Évora;Borba
406;Panamá;;
407;Portugal;Faro;Lagos | Portugal
408;Portugal | Portugal;Porto;Porto
409;Portugal | Portugal;Coimbra;Lousã
410;Portugal;Viseu;Santa Comba Dão
411;Portugal;Porto;Matosinhos | Portugal
412;Portugal;Évora;Arraiolos | Portugal
413;Portugal;Porto;Gondomar | Portugal
414;Alemanha;;
415;Portugal;Braga;Braga | Portugal
416;Portugal;Leiria;
417;Portugal;Portalegre;Castelo de Vide
418;Portugal | Portugal;Coimbra;Arganil
419;Portugal | Portugal;Évora;Évora
420;Portugal;Aveiro | Portugal;Braganca | Portugal
421;Portugal;Faro;Olhão | Portugal
422;Portugal;Distrito não determinado;Concelho não determinado | Portugal
423;Portugal;Coimbra | Portugal;Distrito não determinado
424;Portugal;Évora;Reguengos de Monsaraz
425;Portugal;Lisboa;Azambuja | Portugal
426;Portugal | Portugal;Leiria;Marinha Grande
427;Indonésia;;
428;Portugal;Porto;Amarante | Portugal
429;Portugal;Évora;Borba | Portugal
430;Portugal;Évora;Évora | Portugal
431;Portugal | Portugal;Porto;
432;Espanha | Portugal;;
433;PRC_0100/2023_CLG - Aquisição de reservatórios e bacias de retenção para a Águas do Norte;S.A.;
434;Portugal;Viseu;Lamego | Portugal
435;Portugal;Viana do Castelo;Melgaço | Portugal
436;Portugal | Portugal;Região Autónoma dos Açores;São Roque do Pico
437;Portugal;Leiria;Figueiró dos Vinhos
438;Portugal;Beja;Cuba
439;Portugal;Coimbra | Portugal;Leiria
440;Portugal;Braganca;Miranda do Douro | Portugal
441;Concurso Público Internacional para a celebração de Acordo-Quadro singular para a Realização de Obras na Via Pública;;
442;Portugal;Santarém;Alpiarça
443;Portugal;Beja | Portugal;Évora | Portugal
444;Portugal;Leiria;Óbidos | Portugal
445;Portugal;Leiria;Nazaré | Portugal
446;Portugal;Setúbal;Santiago do Cacém | Portugal
447;Portugal;Guarda;Gouveia
448;Portugal;Faro;Castro Marim | Portugal
449;Portugal;Porto;Felgueiras | Portugal
450;Portugal;Aveiro;Anadia | Portugal
451;Portugal;Região Autónoma da Madeira;Ribeira Brava | Portugal
452;Portugal;Leiria;Alvaiázere | Portugal
453;Portugal;Santarém;Vila Nova da Barquinha
454;Portugal;Faro;Silves | Portugal
455;Portugal;Beja;Cuba | Portugal
456;Portugal | Portugal;Região Autónoma da Madeira;Calheta
457;Portugal;Aveiro;Murtosa
458;Portugal;Lisboa;Amadora | Portugal
459;Portugal;Portalegre;Fronteira
460;Portugal;Região Autónoma da Madeira;Câmara de Lobos | Portugal
461;Portugal;Coimbra;Góis | Portugal
462;Portugal;Lisboa;Alenquer | Portugal
463;Portugal;Vila Real;Mesão Frio | Portugal
464;Acordo Quadro para o fornecimento de Papel para Fotocópia e Impressão;;
465;Portugal;Évora | Portugal;Évora
466;Portugal | Portugal;Aveiro;
467;Portugal;Portalegre;Monforte
468;Portugal;Vila Real;Chaves | Portugal
469;Portugal;Lisboa | Quénia;
470;Suiça;;
471;Itália;;
472;492/2023 - Concurso público internacional para formação do acordo quadro de medicamentos anti-infeciosos na área da saúde;;
473;Portugal | Portugal;Distrito não determinado;Concelho não determinado
474;Portugal;Porto;Lousada | Portugal
475;Emiratos Árabes Unidos;;
476;Portugal | Portugal;Braga;Póvoa de Lanhoso
477;Espanha | Portugal;Beja;
478;Estados Unidos;;
479;Portugal;Guarda;Aguiar da Beira | Portugal
480;Portugal;Faro;Tavira | Portugal
481;Portugal;Portalegre;Alter do Chão | Portugal
482;Portugal;Portugal Continental | Portugal;Região Autónoma dos Açores
483;Portugal;Portalegre;Elvas | Portugal
484;Espanha | Portugal;Lisboa;Vila Franca de Xira
485;PRC_0030/2023_CLG - Acordo Quadro para aquisição de material mecânico para a Águas do Norte;S.A. (III);
486;Portugal | Portugal;Faro;Aljezur
487;Portugal;Viseu | Portugal;Viseu
488;Portugal;Faro;Loulé | Portugal
489;Bélgica | Espanha | Portugal;;
490;Portugal | Portugal;Aveiro;Aveiro | Portugal
491;Portugal;Viana do Castelo;Caminha | Portugal
492;Portugal;Guarda;Almeida
493;Portugal | Portugal;Braganca;Bragança
494;Bélgica | Portugal;Lisboa;
495;Bélgica | Portugal;Porto;
496;Portugal;Região Autónoma da Madeira;Ponta do Sol | Portugal
497;CP 2022/19 - Medicamentos antipsicóticos;anestésicos e relaxantes musculares;
498;Portugal;Porto;Baião | Portugal
499;Portugal;Aveiro | Portugal;Braga | Portugal
500;Portugal;Coimbra;Condeixa-a-Nova | Portugal
501;Portugal | Portugal;Região Autónoma dos Açores;
502;Portugal | Portugal;Faro;Faro
503;Cabo Verde | Portugal;Santarém;Santarém
504;Hungria;;
505;Portugal;Coimbra;Oliveira do Hospital | Portugal
506;Portugal;Coimbra;Soure | Portugal
507;Portugal | Portugal;Viseu;Mangualde
508;Portugal;Vila Real;Vila Real | Portugal
509;Portugal;Santarém;Entroncamento | Portugal
510;Portugal;Faro | Portugal;Lisboa
511;Portugal;Leiria;Alcobaça | Portugal
512;Portugal;Vila Real;Peso da Régua | Portugal
